,p_value,iterations,chi_sq_stat
1,0.999922305546306,9,0.025035205758097326
2,0.9996850416997433,15,0.05062111801242236
3,0.7418899201274639,12,1.9666666666666666
