,p_value,iterations,chi_sq_stat
1,0.9950572845173908,21,0.2057580973243624
2,0.9887841252092189,3,0.3156132018024601
