hid,1,2
1,6.7596976190101605,2.1677290678540526
2,28.592907417972707,23.4055040363163
3,9.647394963017131,7.426766895829648
4,8.184551036925,26.193811819527024
5,17.956168239743654,8.202449624750185
6,9.945391906578264,29.933382654450245
7,6.968496910174822,8.736973246822279
8,9.945391906578264,29.933382654450245
